symbol,days,start_date,end_date,file
SCB,2656,2010-04-15,2021-12-29,stock_daily_SCB.csv
PCBL,2650,2010-04-15,2021-12-29,stock_daily_PCBL.csv
CZBIL,2646,2010-04-15,2021-12-29,stock_daily_CZBIL.csv
NABIL,2645,2010-04-15,2021-12-29,stock_daily_NABIL.csv
SRBL,2645,2010-04-15,2021-12-29,stock_daily_SRBL.csv
EBL,2634,2010-04-15,2021-12-29,stock_daily_EBL.csv
NTC,2626,2010-04-15,2021-12-29,stock_daily_NTC.csv
AHPC,2610,2010-04-15,2021-12-29,stock_daily_AHPC.csv
SBI,2608,2010-04-15,2021-12-29,stock_daily_SBI.csv
CHCL,2600,2010-04-15,2021-12-29,stock_daily_CHCL.csv
ADBL,2570,2010-08-26,2021-12-29,stock_daily_ADBL.csv
PLIC,2554,2010-07-13,2021-12-29,stock_daily_PLIC.csv
ALICL,2544,2010-05-12,2021-12-29,stock_daily_ALICL.csv
NBB,2531,2010-04-15,2021-12-29,stock_daily_NBB.csv
NIB,2495,2010-04-15,2021-05-13,stock_daily_NIB.csv
SBL,2494,2010-04-15,2021-12-29,stock_daily_SBL.csv
LBL,2475,2010-04-26,2021-12-29,stock_daily_LBL.csv
KBL,2446,2010-04-15,2021-12-29,stock_daily_KBL.csv
HBL,2432,2010-04-15,2021-05-13,stock_daily_HBL.csv
NICA,2410,2010-04-15,2021-12-29,stock_daily_NICA.csv
SLICL,2406,2010-09-26,2021-12-29,stock_daily_SLICL.csv
NLIC,2359,2010-05-23,2021-12-29,stock_daily_NLIC.csv
NHPC,2327,2010-04-15,2021-12-29,stock_daily_NHPC.csv
NLBBL,2297,2010-08-02,2021-12-29,stock_daily_NLBBL.csv
LICN,2293,2010-04-27,2021-12-29,stock_daily_LICN.csv
BOKL,2285,2010-04-15,2021-12-29,stock_daily_BOKL.csv
GLICL,2271,2011-04-27,2021-12-29,stock_daily_GLICL.csv
SANIMA,2255,2010-04-19,2021-12-29,stock_daily_SANIMA.csv
BPCL,2250,2010-04-15,2021-12-29,stock_daily_BPCL.csv
MDB,2248,2010-04-15,2021-12-29,stock_daily_MDB.csv
NLICL,2248,2010-04-21,2021-12-29,stock_daily_NLICL.csv
JBBL,2246,2011-01-10,2021-12-29,stock_daily_JBBL.csv
NMB,2240,2010-04-19,2021-12-29,stock_daily_NMB.csv
MNBBL,2231,2011-11-03,2021-12-29,stock_daily_MNBBL.csv
MBL,2226,2010-04-19,2021-12-29,stock_daily_MBL.csv
ICFC,2216,2010-04-15,2021-12-29,stock_daily_ICFC.csv
GBIME,2205,2010-04-15,2021-12-29,stock_daily_GBIME.csv
SWBBL,2189,2010-06-13,2021-12-29,stock_daily_SWBBL.csv
GBBL,2187,2011-01-03,2021-12-29,stock_daily_GBBL.csv
SICL,2175,2010-04-15,2021-12-29,stock_daily_SICL.csv
SIL,2171,2010-04-19,2021-12-29,stock_daily_SIL.csv
LGIL,2162,2010-04-15,2021-12-29,stock_daily_LGIL.csv
MLBL,2144,2010-09-02,2021-12-29,stock_daily_MLBL.csv
OHL,2116,2010-04-20,2021-12-29,stock_daily_OHL.csv
NCCB,2114,2010-05-09,2021-12-29,stock_daily_NCCB.csv
CBBL,2100,2010-05-30,2021-12-29,stock_daily_CBBL.csv
SHL,2082,2010-05-18,2021-12-29,stock_daily_SHL.csv
SIC,2079,2010-05-25,2021-12-29,stock_daily_SIC.csv
DDBL,2077,2010-06-06,2021-12-29,stock_daily_DDBL.csv
NBL,2036,2012-12-17,2021-12-29,stock_daily_NBL.csv
CIT,2021,2010-04-20,2021-12-29,stock_daily_CIT.csv
NUBL,1975,2010-05-10,2021-12-29,stock_daily_NUBL.csv
JFL,1961,2010-05-12,2021-12-29,stock_daily_JFL.csv
PRVU,1948,2010-04-15,2021-12-29,stock_daily_PRVU.csv
RBCL,1897,2010-04-15,2021-12-29,stock_daily_RBCL.csv
KRBL,1895,2011-02-13,2021-12-29,stock_daily_KRBL.csv
PRIN,1879,2010-04-22,2021-12-29,stock_daily_PRIN.csv
LBBL,1873,2010-04-15,2021-12-29,stock_daily_LBBL.csv
EDBL,1860,2010-04-15,2021-12-29,stock_daily_EDBL.csv
SKBBL,1854,2013-10-08,2021-12-29,stock_daily_SKBBL.csv
NLG,1844,2013-07-17,2021-12-29,stock_daily_NLG.csv
TRH,1844,2010-06-08,2021-12-29,stock_daily_TRH.csv
RMDC,1828,2013-10-08,2021-12-29,stock_daily_RMDC.csv
FMDBL,1818,2012-06-10,2021-12-29,stock_daily_FMDBL.csv
SHPC,1793,2014-01-22,2021-12-29,stock_daily_SHPC.csv
HGI,1786,2010-05-31,2021-12-29,stock_daily_HGI.csv
NICL,1779,2010-06-29,2021-12-29,stock_daily_NICL.csv
PIC,1772,2010-04-26,2021-12-29,stock_daily_PIC.csv
UIC,1772,2010-04-27,2021-12-29,stock_daily_UIC.csv
NIL,1738,2010-06-22,2021-12-29,stock_daily_NIL.csv
PICL,1718,2010-06-08,2021-12-29,stock_daily_PICL.csv
CCBL,1715,2014-06-08,2021-12-29,stock_daily_CCBL.csv
CBL,1703,2013-03-03,2021-12-29,stock_daily_CBL.csv
EIC,1677,2010-04-15,2021-12-29,stock_daily_EIC.csv
SADBL,1673,2011-11-16,2021-12-29,stock_daily_SADBL.csv
KSBBL,1670,2011-08-07,2021-12-29,stock_daily_KSBBL.csv
SLBBL,1634,2013-06-19,2021-12-29,stock_daily_SLBBL.csv
SMFDB,1611,2012-07-18,2021-12-29,stock_daily_SMFDB.csv
RHPC,1602,2014-07-13,2021-11-03,stock_daily_RHPC.csv
SHINE,1601,2011-10-31,2021-12-29,stock_daily_SHINE.csv
PFL,1600,2010-04-15,2021-12-29,stock_daily_PFL.csv
NABILP,1563,2010-04-25,2021-02-11,stock_daily_NABILP.csv
LLBS,1560,2014-10-14,2021-12-29,stock_daily_LLBS.csv
KMCDB,1507,2014-02-05,2021-12-29,stock_daily_KMCDB.csv
GDBL,1482,2011-02-01,2019-09-25,stock_daily_GDBL.csv
GFCL,1471,2010-04-19,2021-12-29,stock_daily_GFCL.csv
NIBPO,1431,2012-04-02,2021-05-13,stock_daily_NIBPO.csv
API,1392,2015-11-18,2021-12-29,stock_daily_API.csv
GBLBS,1385,2015-11-24,2021-12-29,stock_daily_GBLBS.csv
UFL,1370,2010-04-28,2021-04-29,stock_daily_UFL.csv
ODBL,1362,2010-08-26,2018-08-19,stock_daily_ODBL.csv
CFCL,1359,2010-04-27,2021-12-29,stock_daily_CFCL.csv
VLBS,1359,2015-11-09,2021-12-29,stock_daily_VLBS.csv
RLFL,1355,2014-08-28,2021-12-29,stock_daily_RLFL.csv
SINDU,1339,2013-09-08,2021-12-29,stock_daily_SINDU.csv
NSLB,1336,2014-03-17,2021-12-29,stock_daily_NSLB.csv
CLBSL,1319,2015-11-26,2021-12-29,stock_daily_CLBSL.csv
BARUN,1318,2015-10-14,2021-12-29,stock_daily_BARUN.csv
MLBBL,1300,2014-06-26,2021-12-29,stock_daily_MLBBL.csv
SIFC,1299,2010-04-15,2021-12-29,stock_daily_SIFC.csv
MFIL,1288,2012-11-08,2021-12-29,stock_daily_MFIL.csv
JBNL,1287,2012-07-15,2019-08-26,stock_daily_JBNL.csv
MEGA,1282,2013-09-08,2021-12-29,stock_daily_MEGA.csv
GUFL,1266,2010-04-15,2021-12-29,stock_daily_GUFL.csv
NMBMF,1258,2015-12-21,2021-12-29,stock_daily_NMBMF.csv
HIDCL,1243,2016-07-12,2021-12-29,stock_daily_HIDCL.csv
RBCLPO,1236,2015-01-08,2021-12-29,stock_daily_RBCLPO.csv
GMFIL,1225,2010-05-18,2021-12-29,stock_daily_GMFIL.csv
NIBSF1,1222,2015-02-18,2021-12-29,stock_daily_NIBSF1.csv
KNBL,1206,2011-02-10,2019-06-04,stock_daily_KNBL.csv
NGPL,1187,2016-09-07,2021-12-29,stock_daily_NGPL.csv
IGI,1186,2010-06-15,2021-12-29,stock_daily_IGI.csv
GILB,1179,2015-12-21,2021-12-29,stock_daily_GILB.csv
PROFL,1159,2010-04-19,2021-12-29,stock_daily_PROFL.csv
JSLBB,1141,2015-12-10,2021-12-29,stock_daily_JSLBB.csv
HDL,1139,2010-06-07,2021-12-29,stock_daily_HDL.csv
GRDBL,1110,2016-11-24,2021-12-29,stock_daily_GRDBL.csv
MERO,1082,2016-09-05,2021-12-29,stock_daily_MERO.csv
KKHC,1077,2017-01-11,2021-12-29,stock_daily_KKHC.csv
MMFDB,1070,2015-08-25,2021-12-29,stock_daily_MMFDB.csv
RSDC,1065,2017-02-08,2021-12-29,stock_daily_RSDC.csv
AKPL,1063,2017-04-16,2021-12-29,stock_daily_AKPL.csv
NEF,1062,2017-02-02,2021-12-29,stock_daily_NEF.csv
SBBLJ,1034,2010-04-15,2019-07-07,stock_daily_SBBLJ.csv
FOWAD,1029,2017-05-21,2021-12-29,stock_daily_FOWAD.csv
SPDL,1027,2017-05-16,2021-12-29,stock_daily_SPDL.csv
MSMBS,1025,2015-12-08,2021-01-21,stock_daily_MSMBS.csv
NMBHF1,1025,2017-01-24,2021-12-29,stock_daily_NMBHF1.csv
UMHL,1025,2017-05-30,2021-12-29,stock_daily_UMHL.csv
UNL,1025,2010-05-18,2021-12-29,stock_daily_UNL.csv
NMFBS,1021,2017-02-08,2021-12-29,stock_daily_NMFBS.csv
DHPL,1006,2017-02-13,2021-12-29,stock_daily_DHPL.csv
HPPL,982,2017-08-20,2021-12-29,stock_daily_HPPL.csv
BNT,972,2010-12-22,2021-12-29,stock_daily_BNT.csv
MPFL,969,2012-02-12,2021-12-29,stock_daily_MPFL.csv
CHL,941,2017-08-03,2021-12-29,stock_daily_CHL.csv
KLBSL,934,2015-12-08,2021-12-29,stock_daily_KLBSL.csv
NHDL,896,2017-11-14,2021-12-29,stock_daily_NHDL.csv
NIBLPF,891,2017-04-02,2021-12-29,stock_daily_NIBLPF.csv
SFCL,882,2010-04-20,2021-12-29,stock_daily_SFCL.csv
BHBL,876,2012-04-02,2019-05-14,stock_daily_BHBL.csv
BFC,866,2010-07-04,2021-12-29,stock_daily_BFC.csv
CORBL,860,2011-08-17,2021-12-29,stock_daily_CORBL.csv
WOMI,860,2015-12-10,2021-08-31,stock_daily_WOMI.csv
RADHI,847,2018-03-26,2021-12-29,stock_daily_RADHI.csv
SEF,830,2018-01-16,2021-12-29,stock_daily_SEF.csv
GIMES1,826,2016-06-02,2021-12-29,stock_daily_GIMES1.csv
SEOS,825,2014-10-09,2019-07-21,stock_daily_SEOS.csv
EBLCP,809,2010-04-19,2021-12-21,stock_daily_EBLCP.csv
BBC,789,2010-04-15,2021-12-29,stock_daily_BBC.csv
SMB,771,2018-03-11,2021-12-29,stock_daily_SMB.csv
SAEF,760,2018-02-28,2021-12-29,stock_daily_SAEF.csv
MSLB,756,2017-08-27,2021-12-29,stock_daily_MSLB.csv
RRHP,745,2018-06-21,2021-11-03,stock_daily_RRHP.csv
HATH,720,2011-02-21,2019-03-14,stock_daily_HATH.csv
NICGF,711,2018-04-24,2021-12-29,stock_daily_NICGF.csv
PMHPL,704,2018-10-10,2021-12-29,stock_daily_PMHPL.csv
KPCL,695,2018-10-11,2021-12-29,stock_daily_KPCL.csv
CMF1,694,2018-04-24,2021-12-29,stock_daily_CMF1.csv
LEMF,682,2017-08-03,2021-12-29,stock_daily_LEMF.csv
AKJCL,670,2018-12-20,2021-12-29,stock_daily_AKJCL.csv
SYFL,662,2013-09-19,2017-10-11,stock_daily_SYFL.csv
UPPER,660,2019-01-13,2021-12-29,stock_daily_UPPER.csv
SLBS,654,2017-02-08,2021-08-31,stock_daily_SLBS.csv
SLBSL,640,2019-01-21,2021-12-29,stock_daily_SLBSL.csv
USLB,620,2018-03-18,2021-12-29,stock_daily_USLB.csv
ALBSL,619,2019-03-11,2021-12-29,stock_daily_ALBSL.csv
SHIVM,613,2019-03-24,2021-12-29,stock_daily_SHIVM.csv
SMATA,610,2017-06-19,2021-12-29,stock_daily_SMATA.csv
UPCL,605,2019-03-24,2021-12-29,stock_daily_UPCL.csv
MHNL,581,2019-04-17,2021-12-29,stock_daily_MHNL.csv
SFFIL,580,2010-05-16,2020-01-22,stock_daily_SFFIL.csv
JOSHI,568,2019-01-07,2021-12-29,stock_daily_JOSHI.csv
HURJA,565,2019-05-22,2021-12-29,stock_daily_HURJA.csv
PPCL,563,2019-05-05,2021-12-29,stock_daily_PPCL.csv
GLBSL,556,2019-06-02,2021-12-29,stock_daily_GLBSL.csv
GMFBS,554,2019-06-06,2021-12-29,stock_daily_GMFBS.csv
NFS,547,2010-06-29,2021-12-29,stock_daily_NFS.csv
SMFBS,544,2019-06-17,2021-12-29,stock_daily_SMFBS.csv
ILBS,539,2019-07-08,2021-12-29,stock_daily_ILBS.csv
SDESI,535,2017-08-10,2020-08-13,stock_daily_SDESI.csv
STC,525,2010-04-28,2021-12-29,stock_daily_STC.csv
UNHPL,523,2019-06-12,2021-12-29,stock_daily_UNHPL.csv
SJCL,519,2019-08-06,2021-12-29,stock_daily_SJCL.csv
RHPL,518,2019-08-06,2021-12-29,stock_daily_RHPL.csv
HAMRO,513,2013-10-08,2018-07-15,stock_daily_HAMRO.csv
SABSL,505,2019-08-22,2021-12-29,stock_daily_SABSL.csv
NADEP,499,2018-08-23,2020-12-31,stock_daily_NADEP.csv
GHL,497,2019-02-17,2021-12-29,stock_daily_GHL.csv
NSEWA,471,2018-06-20,2020-12-15,stock_daily_NSEWA.csv
SAPDBL,469,2019-10-01,2021-12-29,stock_daily_SAPDBL.csv
CEFL,454,2010-05-18,2020-01-08,stock_daily_CEFL.csv
KBLPO,401,2010-05-18,2021-12-27,stock_daily_KBLPO.csv
NICBF,396,2019-11-11,2021-12-29,stock_daily_NICBF.csv
NBF2,376,2020-02-09,2021-12-29,stock_daily_NBF2.csv
HDHPC,371,2020-02-25,2021-12-29,stock_daily_HDHPC.csv
NRIC,365,2020-06-29,2021-12-29,stock_daily_NRIC.csv
ACLBSL,357,2019-01-07,2021-12-29,stock_daily_ACLBSL.csv
NMB50,347,2020-07-15,2021-12-29,stock_daily_NMB50.csv
LFC,346,2010-04-19,2019-06-06,stock_daily_LFC.csv
AIL,341,2020-08-02,2021-12-29,stock_daily_AIL.csv
SDLBSL,338,2020-08-06,2021-12-29,stock_daily_SDLBSL.csv
SFMF,335,2020-07-15,2021-12-29,stock_daily_SFMF.csv
NRN,324,2020-08-26,2021-12-29,stock_daily_NRN.csv
RLI,316,2020-09-08,2021-12-29,stock_daily_RLI.csv
LUK,312,2020-09-14,2021-12-29,stock_daily_LUK.csv
LEC,308,2020-09-20,2021-12-29,stock_daily_LEC.csv
HFL,292,2011-03-16,2013-09-29,stock_daily_HFL.csv
GIC,290,2020-10-14,2021-12-29,stock_daily_GIC.csv
NABBC,284,2010-07-12,2021-12-29,stock_daily_NABBC.csv
SSHL,282,2020-10-29,2021-12-29,stock_daily_SSHL.csv
NICAD8283,279,2019-12-26,2021-12-28,stock_daily_NICAD8283.csv
SAND2085,279,2019-06-16,2021-12-27,stock_daily_SAND2085.csv
SPARS,279,2019-05-07,2020-10-06,stock_daily_SPARS.csv
SGI,278,2020-11-04,2021-12-29,stock_daily_SGI.csv
CMF2,269,2020-11-22,2021-12-29,stock_daily_CMF2.csv
EICPO,260,2020-11-26,2021-12-29,stock_daily_EICPO.csv
MEN,251,2020-12-16,2021-12-29,stock_daily_MEN.csv
UMRH,249,2020-12-20,2021-12-29,stock_daily_UMRH.csv
PLI,238,2021-01-03,2021-12-29,stock_daily_PLI.csv
AMFI,231,2018-04-05,2019-10-22,stock_daily_AMFI.csv
SHBL,231,2014-11-10,2017-06-08,stock_daily_SHBL.csv
SIGS2,231,2021-01-11,2021-12-29,stock_daily_SIGS2.csv
CGH,215,2021-02-07,2021-12-29,stock_daily_CGH.csv
CFL,214,2010-04-15,2011-07-07,stock_daily_CFL.csv
NIFRA,210,2021-02-14,2021-12-29,stock_daily_NIFRA.csv
PBLD84,208,2020-11-10,2021-12-29,stock_daily_PBLD84.csv
NICLBSL,205,2020-07-09,2021-12-29,stock_daily_NICLBSL.csv
SLCF,201,2021-02-25,2021-12-29,stock_daily_SLCF.csv
MEGAPO,198,2016-12-15,2021-12-09,stock_daily_MEGAPO.csv
GGBSL,196,2019-09-05,2020-11-05,stock_daily_GGBSL.csv
GLH,190,2021-03-16,2021-12-29,stock_daily_GLH.csv
TMDBL,190,2019-09-24,2020-10-15,stock_daily_TMDBL.csv
MLBSL,188,2021-03-16,2021-12-29,stock_daily_MLBSL.csv
PRVUPO,184,2015-01-05,2021-12-16,stock_daily_PRVUPO.csv
GBIMEP,178,2012-09-16,2021-11-28,stock_daily_GBIMEP.csv
JLI,175,2021-04-07,2021-12-29,stock_daily_JLI.csv
KEF,169,2021-04-19,2021-12-29,stock_daily_KEF.csv
SHEL,162,2021-04-28,2021-12-29,stock_daily_SHEL.csv
RURU,159,2021-05-03,2021-12-29,stock_daily_RURU.csv
NLICP,156,2014-01-05,2021-11-17,stock_daily_NLICP.csv
SRBLD83,155,2020-06-30,2021-12-29,stock_daily_SRBLD83.csv
GBD80-81,139,2020-09-10,2021-12-23,stock_daily_GBD80-81.csv
SBLD2082,139,2019-12-30,2021-12-22,stock_daily_SBLD2082.csv
MNBBLP,136,2015-03-29,2021-11-30,stock_daily_MNBBLP.csv
ICFCD83,135,2021-01-28,2021-12-26,stock_daily_ICFCD83.csv
CHDC,133,2021-06-09,2021-12-29,stock_daily_CHDC.csv
SBCF,133,2021-06-09,2021-12-29,stock_daily_SBCF.csv
CCBLPO,130,2017-07-09,2021-12-28,stock_daily_CCBLPO.csv
NCCBPO,127,2010-06-09,2021-12-23,stock_daily_NCCBPO.csv
PSF,124,2021-06-22,2021-12-29,stock_daily_PSF.csv
ADBLD83,122,2021-04-28,2021-12-28,stock_daily_ADBLD83.csv
NIBSF2,121,2021-06-27,2021-12-29,stock_daily_NIBSF2.csv
PCBLP,121,2013-06-13,2021-12-28,stock_daily_PCBLP.csv
SBIBD86,118,2020-09-14,2021-12-28,stock_daily_SBIBD86.csv
CMB,111,2010-04-15,2019-05-21,stock_daily_CMB.csv
MFLD85,109,2021-04-20,2021-12-29,stock_daily_MFLD85.csv
NICD83-84,108,2020-09-09,2021-12-28,stock_daily_NICD83-84.csv
CBLPO,99,2016-06-05,2021-11-23,stock_daily_CBLPO.csv
NIBD2082,99,2020-08-02,2021-11-25,stock_daily_NIBD2082.csv
JBBLPO,98,2013-10-27,2021-12-27,stock_daily_JBBLPO.csv
JBLB,98,2021-07-29,2021-12-29,stock_daily_JBLB.csv
SBD87,97,2021-06-02,2021-12-29,stock_daily_SBD87.csv
SRD80,97,2020-12-29,2021-12-23,stock_daily_SRD80.csv
ULI,96,2021-08-02,2021-12-29,stock_daily_ULI.csv
MKLB,93,2021-08-04,2021-12-29,stock_daily_MKLB.csv
KBLD86,85,2020-09-09,2021-12-29,stock_daily_KBLD86.csv
CZBILP,83,2012-06-13,2021-12-16,stock_daily_CZBILP.csv
JBNLPO,80,2016-07-25,2019-08-26,stock_daily_JBNLPO.csv
NAGRO,79,2019-06-12,2019-10-03,stock_daily_NAGRO.csv
SBLD84,79,2021-06-02,2021-12-16,stock_daily_SBLD84.csv
RMF1,76,2021-09-02,2021-12-29,stock_daily_RMF1.csv
SLI,76,2021-09-02,2021-12-29,stock_daily_SLI.csv
HBLD83,75,2020-12-06,2021-09-26,stock_daily_HBLD83.csv
NICAD8182,75,2021-01-03,2021-12-27,stock_daily_NICAD8182.csv
AKBSL,74,2019-08-26,2019-12-19,stock_daily_AKBSL.csv
NICSF,73,2021-09-07,2021-12-29,stock_daily_NICSF.csv
SLICLP,68,2013-11-14,2021-12-06,stock_daily_SLICLP.csv
SBLPO,67,2011-06-05,2021-12-27,stock_daily_SBLPO.csv
GWFD83,63,2021-07-04,2021-12-27,stock_daily_GWFD83.csv
MKJC,63,2021-09-22,2021-12-29,stock_daily_MKJC.csv
ALICLP,60,2014-03-09,2021-11-30,stock_daily_ALICLP.csv
NLICLP,59,2013-11-14,2021-09-21,stock_daily_NLICLP.csv
NBBD2085,58,2021-03-07,2021-09-26,stock_daily_NBBD2085.csv
MLBLPO,57,2014-10-19,2021-12-27,stock_daily_MLBLPO.csv
NMBPO,57,2010-06-23,2021-11-21,stock_daily_NMBPO.csv
KSBBLP,50,2015-06-28,2021-10-25,stock_daily_KSBBLP.csv
